student_id,minutes_watched,paid_in_q2_2022
6,67.08,1
616,116.02,1
618,238.15,1
699,222.35,1
702,1.60,1
838,348.28,1
841,324.75,1
862,166.73,1
908,0.92,1
911,39.35,1
917,5.67,1
969,584.60,1
988,144.78,1
999,384.22,1
1016,20.15,1
1019,56.50,1
1046,1406.38,1
1064,66.85,1
1085,82.97,1
1102,271.30,1
1151,206.23,1
1159,30.78,1
1183,46.82,1
1188,13.02,1
1200,329.40,1
1201,7.67,1
1210,4.40,1
1215,3.03,1
1221,227.30,1
1235,35.98,1
1246,528.57,1
1271,3.05,1
1306,735.68,1
1308,0.35,1
1317,21.27,1
1355,18.07,1
1362,13.52,1
1382,0.33,1
1404,29.73,1
1419,63.52,1
1426,17.78,1
1434,23.67,1
1436,0.23,1
1468,88.63,1
1521,776.92,1
1522,125.88,1
1537,19.82,1
1538,1.70,1
1539,0.88,1
1563,5.27,1
1567,365.37,1
1581,285.95,1
1605,25.00,1
1641,1.87,1
1652,1032.87,1
1661,5.18,1
1669,52.38,1
1678,92.92,1
1742,264.88,1
1753,55.77,1
1754,516.18,1
1778,397.37,1
1780,0.65,1
1794,115.52,1
1802,0.05,1
1852,218.23,1
1863,38.17,1
1864,301.22,1
1880,719.03,1
1909,238.35,1
1914,20.50,1
1923,0.55,1
1950,17.02,1
1977,748.12,1
2003,935.67,1
2014,114.67,1
2018,161.70,1
2019,0.53,1
2055,20.12,1
2060,22.50,1
2070,128.38,1
2073,467.53,1
2084,89.40,1
2091,397.03,1
2110,4.32,1
2112,876.17,1
2114,78.18,1
2195,29.30,1
2217,11.57,1
2218,50.63,1
2222,2.45,1
2236,9.12,1
2248,382.25,1
2255,244.17,1
2258,7.85,1
2274,3.72,1
2284,2.22,1
2292,43.68,1
2295,40.02,1
2324,8.58,1
2359,0.15,1
2377,36.10,1
2385,10.58,1
2398,368.53,1
2409,57.35,1
2417,13.13,1
2431,0.85,1
2495,125.35,1
2506,14.18,1
2534,0.70,1
2546,384.00,1
2555,665.93,1
2591,89.68,1
2620,16.07,1
2636,112.00,1
2663,15.28,1
2702,0.45,1
2723,75.08,1
2725,125.75,1
2731,468.67,1
2734,202.70,1
2737,680.57,1
2764,2.67,1
2811,575.72,1
2824,18.72,1
2851,401.57,1
2866,6.48,1
2881,1.20,1
2887,4.08,1
2925,15.30,1
2945,54.92,1
2954,163.12,1
2973,3.28,1
2978,199.37,1
2984,367.02,1
2986,520.97,1
3056,1.78,1
3062,4.38,1
3070,542.95,1
3080,77.47,1
3115,21.03,1
3146,0.35,1
3188,35.15,1
3195,354.33,1
3219,163.95,1
3239,1957.18,1
3256,360.45,1
3292,57.95,1
3338,209.25,1
3406,16.73,1
3420,78.92,1
3423,627.78,1
3478,0.60,1
3481,30.58,1
3511,7.48,1
3524,58.78,1
3577,329.90,1
3598,133.90,1
3631,6.78,1
3652,20.87,1
3780,141.03,1
3799,177.07,1
3817,1140.03,1
3852,5.00,1
3856,248.58,1
3916,61.57,1
3943,163.82,1
3982,0.05,1
3984,30.33,1
3987,0.90,1
4011,54.98,1
4019,57.50,1
4035,26.28,1
4055,221.25,1
4059,163.53,1
4078,0.90,1
4080,813.48,1
4162,16.17,1
4186,41.82,1
4194,30.23,1
4266,121.10,1
4320,33.72,1
4337,10.47,1
4371,63.57,1
4376,41.03,1
4384,0.08,1
4404,185.35,1
4435,1.37,1
4537,305.28,1
4558,163.42,1
4595,809.45,1
4629,234.48,1
4640,292.98,1
4698,18.33,1
4723,596.73,1
4739,2504.52,1
4778,36.95,1
4784,296.60,1
4795,12.82,1
4829,137.68,1
4872,242.52,1
4874,2412.55,1
4884,33.27,1
5010,617.93,1
5018,31.50,1
5064,419.67,1
5076,5.58,1
5080,551.50,1
5109,3.72,1
5111,34.85,1
5143,43.40,1
5212,195.27,1
5321,1966.65,1
5323,167.88,1
5340,224.70,1
5389,46.50,1
5427,12.93,1
5515,6.98,1
5579,2.08,1
5774,249.22,1
5836,643.53,1
5884,99.28,1
6011,13.85,1
6053,986.13,1
6070,5.78,1
6096,21.10,1
6159,253.15,1
6164,184.83,1
6278,1206.45,1
6408,267.65,1
6505,44.03,1
6559,461.32,1
6560,0.47,1
6589,176.02,1
6618,123.22,1
6787,315.15,1
6819,28.13,1
6862,224.52,1
6885,509.80,1
6890,62.30,1
6899,13.85,1
6950,879.05,1
6971,44.85,1
7008,1.38,1
7013,5.88,1
7037,2.20,1
7069,17.90,1
7086,250.00,1
7163,537.53,1
7178,20.25,1
7179,4.77,1
7224,78.63,1
7244,19.22,1
7294,21.20,1
7358,9.30,1
7382,49.62,1
7412,61.20,1
7439,2131.42,1
7474,2.72,1
7475,96.22,1
7495,57.15,1
7524,36.52,1
7540,325.05,1
7548,43.18,1
7612,7.42,1
7620,41.42,1
7790,1.38,1
7873,187.07,1
7975,506.97,1
8018,432.53,1
8030,26.03,1
8059,114.10,1
8095,79.65,1
8133,164.42,1
8156,8.92,1
8223,12.22,1
8412,44.73,1
8425,7.87,1
8452,64.55,1
8495,312.52,1
8544,352.65,1
8594,1450.45,1
8600,18.47,1
8641,85.40,1
8754,249.37,1
8840,417.13,1
8954,7.38,1
9098,4.62,1
9107,496.02,1
9108,2.17,1
9178,268.60,1
9188,11.93,1
9305,174.73,1
9372,301.92,1
9409,791.60,1
9754,684.80,1
9808,147.12,1
10131,76.15,1
10422,871.98,1
10685,74.87,1
10690,83.77,1
10938,7.27,1
11124,50.77,1
11215,41.48,1
11325,10.42,1
11402,0.12,1
11711,19.85,1
11793,10.48,1
11800,32.62,1
11808,36.42,1
11996,0.10,1
12279,200.92,1
12284,423.00,1
12330,71.55,1
12530,4.55,1
12532,481.90,1
12704,12.58,1
12816,31.72,1
13114,18.50,1
13180,107.43,1
13538,140.22,1
13620,143.87,1
14217,0.77,1
14463,11.55,1
14633,2.87,1
14649,51.07,1
14700,1325.42,1
14765,1.37,1
14905,67.33,1
15334,19.90,1
15345,0.05,1
15743,87.13,1
16052,58.65,1
16414,55.33,1
16832,10.72,1
17419,702.63,1
17613,223.83,1
17859,16.10,1
18314,2.10,1
21449,168.62,1
23727,245.12,1
24006,27.63,1
24423,236.05,1
24924,53.62,1
25521,5.82,1
27104,187.67,1
32560,5.20,1
37860,752.55,1
44965,319.33,1
62735,32.80,1
115084,1.13,1
136313,1.20,1
142965,12.48,1
143026,40.60,1
143148,40.77,1
143216,144.10,1
143392,27.02,1
143407,38.52,1
143454,9.42,1
143561,1767.37,1
143599,37.27,1
143701,647.45,1
143799,4.87,1
144164,410.90,1
144239,96.67,1
144273,10.12,1
144348,473.50,1
144378,62.87,1
144390,0.92,1
144467,5.82,1
144599,4.57,1
144627,75.65,1
144788,1082.07,1
144869,178.45,1
144900,75.07,1
144912,64.50,1
145013,425.27,1
145310,36.43,1
145484,138.58,1
145681,1005.23,1
145793,154.97,1
145813,85.40,1
145905,49.47,1
145944,36.70,1
146030,151.27,1
146427,50.70,1
146551,33.60,1
146625,9.10,1
146801,0.40,1
146855,366.48,1
146888,13.13,1
146948,4.77,1
146957,83.03,1
146977,27.87,1
147005,262.35,1
147044,4.20,1
147061,77.25,1
147076,77.57,1
147132,357.92,1
147143,125.08,1
147146,123.22,1
147231,110.00,1
147444,12.82,1
147446,52.45,1
147448,111.52,1
147473,29.33,1
147542,124.83,1
147618,183.37,1
1036,221.62,1
1883,2.67,1
3183,147.55,1
4176,37.17,1
4303,12.28,1
4908,92.43,1
6165,45.20,1
7649,7.12,1
7955,134.48,1
8431,311.38,1
11709,225.15,1
11717,17.67,1
12915,17.62,1
13296,133.23,1
13707,91.33,1
14967,0.42,1
15772,1110.18,1
16915,0.12,1
16979,535.68,1
17317,1.00,1
20710,2222.05,1
22083,149.83,1
22980,62.22,1
25507,60.12,1
32973,1.18,1
33495,32.97,1
34533,31.77,1
38457,1.98,1
40307,36.92,1
40867,119.70,1
41336,992.15,1
43191,187.35,1
43604,4.97,1
43915,172.17,1
51495,45.68,1
55811,84.32,1
64522,53.65,1
74005,183.30,1
78822,2.67,1
82986,141.93,1
88122,43.22,1
97530,110.52,1
117782,0.10,1
138534,52.62,1
143214,64.77,1
143637,108.85,1
144561,36.65,1
145177,918.17,1
145569,3.48,1
145783,11.93,1
146990,11.82,1
147142,35.97,1
147992,2.95,1
148060,42.67,1
148133,0.95,1
148346,210.45,1
148577,22.67,1
148628,241.28,1
148643,97.82,1
148901,29.45,1
149042,438.50,1
149131,12.13,1
149652,644.67,1
150745,440.17,1
150906,160.47,1
151404,50.82,1
151418,35.77,1
152188,43.85,1
152241,141.48,1
152267,0.07,1
152896,579.02,1
153745,86.70,1
153895,0.05,1
153897,20.00,1
153938,95.53,1
153953,226.50,1
154092,600.83,1
154509,13.25,1
154674,578.83,1
155640,798.45,1
155900,33.93,1
155924,124.00,1
156057,124.60,1
156182,704.52,1
156240,1465.18,1
156241,23.97,1
156293,169.80,1
156344,170.43,1
156399,8.62,1
156409,667.98,1
156484,116.87,1
156501,21.53,1
156549,0.37,1
156680,19.13,1
156694,5.80,1
156696,12.78,1
156787,59.13,1
156845,504.97,1
156894,22.90,1
157171,43.83,1
157277,696.32,1
157976,425.97,1
158049,416.72,1
158129,56.62,1
158179,442.57,1
158529,329.30,1
159060,176.52,1
159336,501.23,1
160524,75.80,1
160677,73.80,1
161173,319.90,1
161210,805.45,1
161227,83.90,1
161485,183.33,1
161496,688.05,1
161524,159.50,1
161537,91.05,1
161693,358.42,1
161703,230.53,1
162406,83.98,1
162497,1267.38,1
163473,348.30,1
163918,13.82,1
165014,27.83,1
165557,34.58,1
166070,843.50,1
166145,533.25,1
167091,12.12,1
167964,1286.67,1
168253,1.72,1
169966,469.45,1
170014,34.17,1
170034,150.67,1
170706,1.75,1
170905,176.32,1
171001,5.78,1
171176,3.40,1
171296,8.07,1
171313,1449.70,1
171350,5.35,1
171425,15.25,1
171479,224.37,1
171523,680.08,1
171609,92.33,1
171693,533.98,1
171738,772.27,1
171832,9.67,1
171898,179.00,1
171900,3448.22,1
171942,1545.55,1
172218,154.38,1
172397,39.45,1
172427,7.28,1
172441,2159.30,1
172701,105.02,1
172814,562.78,1
172823,64.72,1
173018,55.63,1
173313,869.00,1
174213,44.87,1
175038,978.78,1
175440,788.92,1
175768,19.25,1
175955,56.55,1
175975,101.73,1
176858,8.82,1
177134,21.80,1
178303,46.95,1
179127,299.17,1
179264,73.43,1
180277,41.90,1
181083,225.72,1
181545,64.18,1
181800,362.12,1
182398,114.32,1
182765,115.03,1
182962,505.78,1
183092,101.32,1
183189,133.10,1
183978,2010.43,1
184136,93.00,1
184717,260.28,1
185462,150.70,1
185851,2785.42,1
187084,75.00,1
187632,68.83,1
190394,89.30,1
192420,451.13,1
193484,78.42,1
196154,67.02,1
196268,324.12,1
200261,17.58,1
201159,476.68,1
201214,17.42,1
203950,15.53,1
204116,714.25,1
205950,902.73,1
207559,66.25,1
211139,483.35,1
212436,0.07,1
213109,281.95,1
213379,160.77,1
213528,174.33,1
215310,28.55,1
215608,572.10,1
215796,46.83,1
217758,19.47,1
218026,4.50,1
218048,2934.38,1
219514,14.27,1
219561,602.88,1
222991,1932.72,1
223510,33.00,1
223701,4.07,1
224276,43.25,1
224426,69.30,1
224777,38.85,1
225103,44.28,1
226169,802.75,1
227387,588.08,1
227711,1029.88,1
228416,16.28,1
228445,9.27,1
228557,134.57,1
230140,608.90,1
230151,883.20,1
230273,144.92,1
230336,21.17,1
231588,445.40,1
232131,595.08,1
233090,19.55,1
234155,225.53,1
234596,773.77,1
234600,85.20,1
234748,280.93,1
235192,1051.25,1
235274,345.50,1
235486,29.27,1
235677,43.25,1
235692,212.62,1
236349,0.40,1
237385,9.75,1
238234,25.95,1
238267,470.77,1
238593,4.23,1
239003,287.37,1
239932,42.00,1
240248,443.97,1
240763,13.38,1
240987,253.03,1
243618,288.20,1
244586,101.97,1
245078,55.65,1
246415,0.22,1
246846,11.32,1
247102,48.12,1
247618,581.00,1
247869,0.33,1
247871,81.65,1
249318,143.82,1
250351,153.85,1
250388,121.07,1
250466,0.22,1
250609,7.38,1
250694,489.73,1
252073,23.07,1
253157,0.57,1
253225,3.28,1
253338,65.37,1
253574,1176.13,1
253682,493.32,1
254117,136.62,1
254152,237.22,1
254261,0.45,1
254310,1317.85,1
254389,38.18,1
254397,21.58,1
254428,55.55,1
254432,4.55,1
254450,30.02,1
254527,42.85,1
254550,5.72,1
254601,386.55,1
254737,54.67,1
254791,164.67,1
254795,0.70,1
254798,44.03,1
254855,80.50,1
254858,257.50,1
254882,11.47,1
254914,1020.10,1
254935,12.70,1
254953,749.80,1
254958,512.72,1
254972,173.57,1
254985,1.98,1
255012,158.02,1
255058,731.73,1
255059,395.85,1
255153,58.22,1
255169,367.25,1
255189,0.25,1
255220,1096.63,1
255232,180.77,1
255269,279.55,1
255275,723.55,1
255296,589.55,1
255315,1.27,1
255332,6.77,1
255342,19.68,1
255396,593.33,1
255529,1.92,1
255534,118.33,1
256422,54.42,1
256443,173.07,1
256703,1914.42,1
256834,130.00,1
256838,7.70,1
257244,61.75,1
257415,181.40,1
257898,50.43,1
258141,351.82,1
258256,73.63,1
258386,207.72,1
258463,198.08,1
258636,687.77,1
258782,387.38,1
258803,8.45,1
259070,0.27,1
259174,281.50,1
259283,564.65,1
259494,113.58,1
259654,0.27,1
259702,33.43,1
259777,48.60,1
259781,8.77,1
259860,1595.12,1
259996,516.23,1
260111,125.93,1
260173,1378.07,1
260176,29.80,1
260345,1387.15,1
260356,120.95,1
260572,426.80,1
260593,162.67,1
260707,36.08,1
260861,194.03,1
260952,285.35,1
260971,24.32,1
261019,719.50,1
261073,425.75,1
261121,198.25,1
261189,405.08,1
261241,29.22,1
261325,448.38,1
261374,142.90,1
261390,107.47,1
261412,1648.30,1
261417,322.78,1
261491,40.85,1
261515,7.13,1
261519,147.82,1
261550,636.48,1
261554,128.73,1
261565,59.70,1
261577,0.60,1
261626,191.58,1
261658,199.35,1
261668,178.70,1
261693,450.08,1
261737,417.50,1
261758,52.40,1
261766,234.70,1
261782,19.98,1
261783,45.87,1
261788,0.57,1
261820,348.63,1
262112,1574.37,1
262237,116.03,1
262273,47.45,1
262297,16.97,1
262386,332.07,1
262406,570.57,1
262459,1077.42,1
262578,62.63,1
262580,32.32,1
262754,14.30,1
262761,172.63,1
262792,132.37,1
262817,265.92,1
262955,18.82,1
263087,716.00,1
263296,258.58,1
263300,0.90,1
263307,120.90,1
263501,28.75,1
263529,388.08,1
263661,86.97,1
263798,27.60,1
263934,17.95,1
264081,574.32,1
264259,50.08,1
264637,187.93,1
264826,239.25,1
264998,2.53,1
265025,71.00,1
265110,584.05,1
265262,33.28,1
265310,608.37,1
265317,310.93,1
265337,11.28,1
265449,86.52,1
265519,470.38,1
265588,1465.75,1
265653,181.82,1
265789,251.82,1
265918,13.50,1
265967,1371.45,1
266001,1749.95,1
266095,514.37,1
266332,705.80,1
266477,69.85,1
266544,39.78,1
266548,1589.40,1
266584,177.35,1
266615,3.88,1
266616,94.78,1
266731,501.38,1
266754,328.73,1
266788,1288.00,1
266810,73.58,1
266894,67.50,1
267203,515.77,1
267488,141.05,1
267496,165.75,1
267721,615.40,1
267843,56.88,1
267919,300.78,1
267949,110.65,1
267959,809.78,1
268046,10.03,1
268104,112.75,1
268113,320.23,1
268147,80.95,1
268293,518.42,1
268352,435.80,1
268390,2009.38,1
268510,167.53,1
268553,78.13,1
268556,908.65,1
268600,156.45,1
268618,196.47,1
268714,561.08,1
268718,260.45,1
268779,117.92,1
268796,1844.53,1
268805,1880.25,1
268830,52.18,1
268866,441.78,1
268985,1491.07,1
269013,333.78,1
269070,573.37,1
269289,165.17,1
269470,267.83,1
269485,921.82,1
269518,1662.82,1
269519,521.85,1
269594,181.42,1
269633,116.35,1
269646,1220.07,1
269653,504.10,1
269771,861.20,1
269843,513.47,1
269864,212.33,1
269924,1048.40,1
269937,246.17,1
270022,548.57,1
270098,363.75,1
270135,249.33,1
270179,536.13,1
270183,78.55,1
270304,58.93,1
270460,936.02,1
270486,953.03,1
270599,2619.62,1
270700,611.55,1
270710,912.18,1
270738,1342.07,1
270811,185.90,1
270930,397.17,1
270947,20.47,1
270957,1320.95,1
271094,181.30,1
271114,166.62,1
271154,2510.02,1
271197,130.97,1
271352,198.98,1
271426,43.70,1
271465,831.28,1
271670,267.60,1
271720,50.85,1
271760,52.00,1
271761,1452.97,1
271768,1.83,1
271787,98.60,1
271792,317.18,1
271872,391.67,1
272001,1298.62,1
272029,606.65,1
272058,687.58,1
272157,379.13,1
272283,451.23,1
272359,48.80,1
272437,789.95,1
272755,178.32,1
272906,47.87,1
272977,167.95,1
272991,2160.57,1
273235,116.58,1
273249,395.93,1
273423,5334.78,1
273671,601.30,1
273841,1047.52,1
274000,139.58,1
274039,1160.60,1
274209,1029.22,1
274273,601.33,1
274278,213.10,1
274382,626.35,1
274475,261.78,1
274544,85.43,1
274552,191.50,1
274564,1862.78,1
274572,725.83,1
274576,1203.13,1
274585,30.05,1
274879,21.72,1
274908,458.45,1
274948,361.47,1
274958,108.20,1
274985,71.72,1
275008,173.43,1
275021,210.47,1
275103,169.48,1
275112,150.27,1
275126,2.10,1
275141,94.93,1
275165,657.27,1
275253,25.12,1
275286,269.18,1
275290,223.72,1
275292,21.22,1
275293,104.57,1
275440,77.27,1
275442,1505.03,1
275449,772.07,1
275457,74.95,1
275470,1443.37,1
275498,49.52,1
275510,37.15,1
275516,43.48,1
275518,21.87,1
275529,26.05,1
275571,16.12,1
275574,419.92,1
275575,60.93,1
275589,108.27,1
275591,52.80,1
276112,135.20,1
276232,301.60,1
276261,222.83,1
276395,146.78,1
276420,166.52,1
276455,1248.85,1
276510,267.13,1
276542,258.92,1
276553,73.95,1
276666,44.18,1
276671,193.38,1
276708,567.43,1
276788,389.83,1
277066,833.42,1
277084,939.48,1
277099,187.37,1
277398,536.78,1
277562,308.65,1
277668,51.87,1
277704,4.43,1
277814,8.45,1
277825,338.32,1
277845,74.72,1
278444,67.67,1
278509,662.55,1
278642,211.52,1
278753,636.97,1
278764,689.20,1
278915,45.77,1
278940,590.28,1
279132,240.33,1
279138,406.27,1
279409,183.07,1
279468,160.08,1
279738,158.07,1
31,174.20,1
182,2018.87,1
3643,559.30,1
3751,860.05,1
4577,0.12,1
5583,947.92,1
5827,953.23,1
6930,42.92,1
7421,41.88,1
11250,44.03,1
11353,1095.90,1
16601,1120.42,1
17378,212.92,1
19124,1366.42,1
24664,32.35,1
24701,66.85,1
25047,295.43,1
26661,633.53,1
30872,1001.97,1
37901,15.40,1
38359,1471.65,1
39563,599.22,1
42751,55.48,1
59138,416.63,1
71716,100.57,1
74498,163.85,1
89036,60.30,1
101982,4.20,1
103808,56.15,1
106235,57.68,1
107588,168.63,1
137389,804.05,1
137920,83.45,1
140223,17.27,1
141316,22.45,1
142814,162.32,1
143709,1462.22,1
144179,4681.83,1
144498,127.08,1
145713,481.38,1
145873,64.13,1
146149,566.57,1
147048,26.30,1
147291,4.45,1
147638,210.92,1
147687,1054.13,1
147956,2288.98,1
148222,113.95,1
148849,30.82,1
148927,110.08,1
149023,14.92,1
149038,6.37,1
149366,7.33,1
149576,4494.42,1
149584,2.62,1
149601,111.47,1
149787,163.82,1
150663,221.28,1
150949,2063.10,1
151021,64.47,1
151694,863.07,1
152611,122.13,1
152692,162.10,1
153103,472.25,1
154378,70.55,1
154458,1.90,1
155427,134.33,1
155741,41.63,1
156099,5.68,1
156206,1738.28,1
156276,382.35,1
156342,77.50,1
156343,51.87,1
156391,36.60,1
156439,55.30,1
156587,217.08,1
156610,404.78,1
156615,27.75,1
156649,2274.25,1
156702,10.33,1
156703,11.98,1
156776,1558.35,1
156831,271.57,1
156841,0.13,1
156941,21.28,1
157218,7.10,1
157698,275.88,1
157853,4.57,1
157934,24.07,1
158038,50.77,1
158250,40.77,1
158336,378.77,1
158646,10.68,1
158724,1431.57,1
158990,46.68,1
159071,22.23,1
159186,1421.55,1
159370,6464.82,1
159457,917.82,1
159548,569.87,1
159873,1347.23,1
159875,32.68,1
159987,240.97,1
160051,15.43,1
160419,3.48,1
160493,3.18,1
160536,22.20,1
160562,6.67,1
160705,35.43,1
161070,96.20,1
161200,11.12,1
161241,26.92,1
161380,2880.08,1
161397,16.83,1
161426,239.80,1
161483,40.50,1
161539,0.17,1
161572,274.32,1
161580,354.30,1
161626,233.30,1
161640,599.43,1
161844,703.60,1
162284,252.22,1
162669,14.40,1
163144,20.95,1
163883,10.77,1
164280,8.70,1
164310,162.02,1
164904,15.62,1
165026,434.53,1
165187,45.22,1
165950,8.65,1
165954,91.02,1
166652,38.83,1
167073,10.45,1
167554,3.55,1
170381,162.62,1
170493,1078.97,1
170586,1373.88,1
170962,125.82,1
171032,536.20,1
171057,302.70,1
171151,32.83,1
171187,14.02,1
171210,50.53,1
171232,114.05,1
171243,26.30,1
171263,0.45,1
171275,4.73,1
171342,375.25,1
171411,23.98,1
171448,350.07,1
171922,0.83,1
172160,32.68,1
172174,116.95,1
172187,72.20,1
172219,29.25,1
172349,65.15,1
172443,51.53,1
172535,604.27,1
172619,1171.35,1
172792,429.65,1
172793,876.17,1
172948,2.83,1
172962,77.90,1
172986,77.30,1
173236,28.13,1
174650,15.22,1
175723,0.67,1
176012,222.83,1
176192,53.47,1
176870,85.13,1
178111,15.87,1
178655,272.87,1
178994,20.18,1
179118,118.13,1
179203,2255.92,1
179776,66.25,1
180668,127.53,1
181501,6.17,1
181620,1199.13,1
181805,278.32,1
182377,52.97,1
182636,175.40,1
182919,15.42,1
184481,49.57,1
184631,116.65,1
185359,0.32,1
187392,186.62,1
188507,225.77,1
190610,312.83,1
190625,1031.02,1
190803,978.52,1
192293,465.00,1
193509,31.03,1
193998,12.53,1
194528,69.05,1
195307,324.32,1
195506,19.17,1
196357,340.52,1
196538,672.15,1
196681,543.08,1
196809,765.37,1
197346,13.73,1
198179,570.30,1
198300,35.88,1
198342,170.30,1
198958,129.28,1
199192,572.92,1
199750,21.30,1
200231,906.87,1
200337,59.08,1
203177,34.50,1
208381,24.58,1
208412,2.20,1
208957,180.35,1
209256,605.73,1
210318,268.02,1
210670,284.77,1
211222,25.38,1
212444,16.42,1
213802,182.47,1
214254,93.72,1
214994,86.95,1
215869,2.50,1
216478,291.98,1
217852,308.22,1
218045,22.38,1
218699,373.53,1
219004,63.68,1
221481,111.32,1
221756,73.77,1
222007,59.38,1
222899,1.15,1
225335,28.40,1
225377,6.28,1
225736,49.73,1
225771,25.95,1
225789,442.57,1
226611,62.87,1
226945,40.92,1
227645,33.53,1
227678,772.90,1
227874,395.87,1
228262,445.60,1
230179,4.58,1
232898,469.57,1
232908,122.83,1
233060,28.77,1
233857,24.62,1
233908,35.20,1
234971,2.40,1
235034,84.30,1
235442,120.00,1
235996,370.53,1
236455,146.17,1
236968,267.32,1
237081,480.50,1
237186,27.37,1
238014,37.95,1
238800,366.67,1
238848,1924.93,1
239554,53.28,1
239645,145.80,1
240610,67.42,1
241008,123.58,1
242229,111.63,1
242454,841.87,1
242790,52.47,1
243847,528.17,1
243941,1103.00,1
244048,753.43,1
244504,91.58,1
244937,37.22,1
248305,558.08,1
248879,12.25,1
248992,103.32,1
249195,134.58,1
249481,10.45,1
249503,1428.20,1
250115,352.88,1
250629,76.17,1
250924,198.17,1
251329,414.75,1
251554,39.87,1
251728,8.05,1
252339,2260.82,1
252812,211.33,1
252896,13.48,1
253149,10.27,1
253303,19.63,1
253788,49.75,1
253823,1089.60,1
253843,381.47,1
253941,71.62,1
253975,521.85,1
254057,160.10,1
254092,176.80,1
254227,16.95,1
254247,70.07,1
254289,55.10,1
254301,31.97,1
254331,74.55,1
254467,494.97,1
254478,119.58,1
254505,48.73,1
254558,757.53,1
254613,0.07,1
254635,38.23,1
254653,371.70,1
254658,0.25,1
254731,96.87,1
254759,336.60,1
254775,81.52,1
254776,282.68,1
254777,1.52,1
254796,65.92,1
254810,1.25,1
254842,84.72,1
254852,1.50,1
254878,7.58,1
254919,33.55,1
255031,2.93,1
255033,148.05,1
255207,157.70,1
255271,222.08,1
255341,50.02,1
255391,232.52,1
255668,733.63,1
256405,90.00,1
256432,549.55,1
256753,37.00,1
256788,62.95,1
256969,454.68,1
257155,282.30,1
257384,630.03,1
257609,662.50,1
257651,13.53,1
257938,4.17,1
258373,1066.22,1
258520,9.07,1
258955,93.90,1
258956,325.97,1
259054,60.38,1
259300,260.00,1
259483,75.43,1
259491,105.68,1
259504,2051.80,1
259524,431.15,1
259657,892.48,1
260168,935.27,1
260181,131.30,1
260192,327.25,1
260200,432.17,1
260321,283.62,1
260549,26.68,1
260608,638.90,1
260646,29.15,1
260702,2.65,1
260813,0.72,1
260829,294.72,1
260891,9.73,1
260915,46.98,1
260929,296.82,1
260964,107.53,1
260998,1906.50,1
261004,130.00,1
261072,105.92,1
261085,0.65,1
261086,178.28,1
261110,0.25,1
261171,728.08,1
261173,2.47,1
261200,9.75,1
261288,113.95,1
261293,227.78,1
261446,378.90,1
261483,19.85,1
261510,170.35,1
261552,123.02,1
261582,1.00,1
261593,270.42,1
261608,88.12,1
261644,203.65,1
261670,44.10,1
261679,29.60,1
261692,79.18,1
261724,135.65,1
261777,2779.63,1
261785,1445.70,1
261801,2338.62,1
261802,361.07,1
261805,37.77,1
261810,200.62,1
261828,59.22,1
262260,164.20,1
262270,240.52,1
262599,296.07,1
262634,158.88,1
262643,409.67,1
263104,1.43,1
263231,102.70,1
263293,995.50,1
263368,387.03,1
263456,262.45,1
263472,132.22,1
263494,798.05,1
263579,346.18,1
263706,148.88,1
263759,377.93,1
263845,55.45,1
264049,368.17,1
264295,2376.15,1
264623,220.98,1
264684,625.68,1
264761,127.97,1
265005,525.83,1
265044,494.42,1
265093,200.98,1
265101,424.83,1
265121,2.45,1
265130,118.85,1
265165,57.65,1
265241,28.55,1
265686,132.82,1
265927,41.32,1
266099,26.97,1
266123,0.63,1
266410,13.28,1
266455,10.13,1
266529,1179.80,1
266603,3.38,1
266693,473.27,1
266725,743.13,1
267010,1174.67,1
267174,20.92,1
267358,104.05,1
267670,0.20,1
267765,428.73,1
267812,1674.33,1
267854,271.75,1
267936,2542.98,1
268011,2544.77,1
268152,729.97,1
268257,206.33,1
268263,595.95,1
268321,81.67,1
268337,128.40,1
268344,87.50,1
268357,1405.98,1
268480,19.05,1
268527,15.40,1
268545,6.72,1
268558,282.47,1
268584,391.73,1
268643,246.97,1
268792,147.57,1
268811,519.43,1
268817,109.90,1
268825,1609.35,1
268883,28.70,1
268903,230.12,1
268922,670.73,1
268923,456.37,1
268926,2070.15,1
268929,107.52,1
268940,847.87,1
269010,1078.30,1
269012,49.47,1
269016,115.62,1
269047,349.65,1
269054,778.33,1
269068,212.05,1
269130,119.05,1
269188,40.97,1
269457,11.02,1
269534,18.97,1
269541,1504.12,1
269549,777.87,1
269671,465.35,1
269728,0.45,1
269744,907.43,1
269862,60.17,1
269894,19.78,1
269896,4.25,1
269934,879.12,1
269975,371.13,1
269981,140.25,1
269984,711.02,1
270003,162.20,1
270018,143.92,1
270036,457.85,1
270103,111.65,1
270240,694.68,1
270244,34.60,1
270265,123.07,1
270363,255.42,1
270367,341.50,1
270455,65.03,1
270616,11.20,1
270648,103.13,1
270824,215.27,1
270833,506.48,1
270911,138.30,1
270968,161.25,1
271035,1532.88,1
271082,24.88,1
271098,23.27,1
271185,1506.78,1
271310,22.42,1
271508,183.25,1
271543,951.15,1
271800,2011.07,1
271806,152.07,1
271856,694.27,1
271896,342.92,1
271925,143.45,1
271950,1807.50,1
271951,15.40,1
271991,1079.05,1
272035,2081.60,1
272175,273.45,1
272255,713.95,1
272261,485.12,1
272472,2780.10,1
272510,357.87,1
272543,172.00,1
272569,187.83,1
272586,83.63,1
272596,1042.13,1
272696,202.80,1
272717,2416.55,1
272887,162.47,1
272909,4111.93,1
272918,347.35,1
272923,42.28,1
273068,421.03,1
273486,515.97,1
273523,14.90,1
273544,266.05,1
273630,105.03,1
273862,144.83,1
273953,28.40,1
273994,9.88,1
274087,190.00,1
274163,737.02,1
274189,282.33,1
274371,265.08,1
274438,15.00,1
274498,544.25,1
274501,297.33,1
274536,331.33,1
274589,87.88,1
274611,152.23,1
274639,31.90,1
274652,159.70,1
274723,144.17,1
274746,38.20,1
274825,1147.78,1
274836,89.18,1
274951,63.33,1
275038,715.03,1
275049,19.93,1
275069,81.87,1
275100,138.43,1
275132,574.78,1
275158,99.93,1
275163,74.55,1
275275,324.93,1
275276,23.13,1
275277,528.00,1
275282,941.87,1
275343,17.22,1
275408,83.78,1
275438,41.33,1
275479,280.23,1
275503,3.57,1
275548,97.48,1
275552,302.38,1
275566,4.72,1
275582,8.42,1
275637,460.48,1
275644,60.42,1
275660,18.67,1
275664,44.82,1
275677,153.13,1
275682,7.15,1
275684,140.87,1
275741,50.22,1
275788,385.58,1
275799,324.60,1
276104,6.57,1
276130,148.20,1
276135,1138.93,1
276238,564.48,1
276265,280.65,1
276414,7.10,1
276480,163.37,1
276784,550.53,1
276829,26.25,1
276932,85.65,1
277105,34.40,1
277109,265.82,1
277135,60.98,1
277238,31.25,1
277285,992.13,1
277403,214.25,1
277461,147.75,1
277499,452.42,1
277521,161.32,1
277524,28.85,1
277544,102.58,1
277556,28.77,1
277557,1308.02,1
277609,445.18,1
277670,33.47,1
277728,37.55,1
277766,109.12,1
277803,159.13,1
277880,6.18,1
277977,10.13,1
278055,222.32,1
278115,135.67,1
278129,202.95,1
278177,200.88,1
278344,398.02,1
278586,310.75,1
278695,95.58,1
278906,141.05,1
278927,383.85,1
279352,173.05,1
279470,186.60,1
279680,136.22,1
1285,64.05,1
1530,4.73,1
1540,675.60,1
1543,9.28,1
1619,1490.73,1
3541,28.05,1
4336,723.45,1
4392,113.73,1
10051,263.03,1
10299,209.98,1
11680,24.15,1
12807,45.60,1
14382,51.20,1
15805,161.80,1
16054,16.62,1
16796,46.35,1
17342,441.97,1
21464,77.33,1
23403,2.07,1
23781,41.37,1
24965,0.32,1
29758,692.83,1
29960,120.03,1
34121,450.67,1
34172,91.55,1
43142,129.47,1
59323,784.07,1
59568,176.57,1
63369,58.07,1
75080,6.62,1
77591,48.18,1
96731,1.52,1
103625,13.25,1
115019,638.15,1
118426,0.28,1
144023,786.57,1
144151,614.50,1
144397,1205.13,1
144426,5.23,1
145488,0.05,1
146401,75.48,1
147130,132.53,1
147802,38.00,1
147884,13.80,1
147993,544.67,1
148109,7.48,1
148467,142.62,1
148755,210.10,1
148886,185.38,1
148939,661.32,1
149241,590.93,1
149547,35.58,1
149849,133.58,1
149883,223.52,1
149892,1.83,1
149960,47.88,1
150265,556.22,1
150823,34.85,1
151366,19.67,1
151849,540.55,1
151892,96.37,1
152109,391.38,1
152138,147.23,1
152140,30.75,1
152174,23.07,1
152285,12.83,1
152472,2.15,1
153036,55.62,1
153235,423.15,1
153726,34.22,1
153765,1021.63,1
153930,2.33,1
154358,224.73,1
155628,434.95,1
156042,0.45,1
156183,812.93,1
156184,13.62,1
156356,32.40,1
156407,1176.38,1
156428,117.92,1
156467,1546.02,1
156498,466.72,1
156510,83.95,1
156521,293.75,1
156534,423.92,1
156541,121.17,1
156542,45.53,1
156561,570.17,1
156647,1033.02,1
156728,93.42,1
156760,0.20,1
156767,150.07,1
156780,93.53,1
156887,99.78,1
157594,248.87,1
157882,54.83,1
158108,393.63,1
159022,111.68,1
159057,34.33,1
159101,47.62,1
159105,17.08,1
159172,5.43,1
159353,146.17,1
160452,0.50,1
160816,132.30,1
160960,1116.02,1
161002,28.98,1
161060,321.70,1
161108,19.52,1
161132,23.17,1
161209,23.92,1
161395,19.43,1
161475,372.27,1
161527,24.77,1
161632,3.38,1
161870,175.92,1
161899,584.48,1
161935,0.07,1
162077,435.43,1
162502,42.00,1
163108,70.47,1
163241,99.78,1
163452,19.73,1
163676,4243.93,1
163786,3.00,1
163884,26.60,1
163914,65.27,1
164348,23.68,1
164356,0.13,1
164430,61.60,1
164796,20.67,1
165364,2.83,1
165433,195.90,1
165480,341.85,1
166626,17.32,1
166907,166.77,1
167412,56.35,1
167602,0.93,1
168223,75.85,1
168777,62.58,1
170845,11.63,1
170879,1262.87,1
170915,30.28,1
171006,121.23,1
171011,174.63,1
171292,4.17,1
171339,535.28,1
171405,46.98,1
171560,54.42,1
171645,15.82,1
172289,388.40,1
173105,342.10,1
174738,62.45,1
175077,72.38,1
176090,2779.98,1
176391,405.53,1
176577,78.10,1
177791,70.83,1
177842,91.02,1
179007,207.20,1
179103,17.13,1
180122,111.50,1
180282,72.58,1
181002,12.65,1
181404,24.40,1
181809,70.45,1
182248,306.58,1
182356,349.62,1
182897,201.73,1
183819,229.77,1
183925,80.93,1
184826,512.98,1
185766,8.77,1
187639,18.83,1
189977,145.42,1
190596,82.30,1
192269,196.93,1
195067,153.97,1
195309,21.42,1
195508,2823.77,1
196040,30.52,1
197505,719.43,1
198240,2.75,1
201975,28.95,1
204419,814.12,1
204773,391.80,1
205303,16.87,1
207270,90.30,1
210367,133.15,1
210409,123.52,1
211603,545.97,1
212463,3434.42,1
212936,123.78,1
212968,258.60,1
214202,510.80,1
214434,0.83,1
215160,388.98,1
215377,79.97,1
216394,2086.00,1
216409,155.62,1
216694,60.62,1
217601,349.78,1
217976,80.63,1
218237,404.72,1
218862,6.58,1
219488,1399.17,1
220799,41.42,1
221116,154.87,1
223034,152.22,1
223933,952.23,1
225394,341.80,1
225955,363.37,1
225990,6.80,1
226653,33.28,1
228222,9.20,1
228826,220.55,1
228952,74.13,1
229073,8.90,1
229525,1087.25,1
231080,293.87,1
233160,426.60,1
233619,1523.60,1
234364,50.48,1
235023,34.72,1
235095,1566.50,1
235168,396.72,1
235548,441.83,1
235620,16.43,1
235735,534.15,1
235863,285.75,1
236361,456.70,1
236628,856.90,1
236784,99.78,1
236797,628.10,1
237063,3.35,1
238018,51.55,1
238315,545.25,1
238813,3.88,1
238879,52.37,1
238987,570.57,1
239552,40.43,1
239647,17.30,1
240444,0.42,1
240446,726.33,1
240583,7.57,1
240822,28.00,1
241632,977.67,1
242856,10.13,1
243951,5.33,1
244886,556.72,1
245804,191.38,1
245829,118.38,1
246109,45.70,1
246119,16.03,1
247713,434.58,1
248036,354.75,1
248414,427.03,1
248535,110.20,1
249258,0.28,1
251217,358.40,1
251293,337.32,1
251499,1.77,1
251612,250.57,1
251774,504.37,1
252053,1.92,1
252175,120.30,1
253827,968.85,1
253896,1026.98,1
253948,83.67,1
254088,260.52,1
254098,30.75,1
254123,0.93,1
254127,915.23,1
254136,56.85,1
254199,747.47,1
254329,189.73,1
254353,54.37,1
254372,35.65,1
254378,274.42,1
254465,215.17,1
254466,130.58,1
254479,36.10,1
254526,32.68,1
254541,6.58,1
254553,1148.97,1
254571,232.63,1
254603,60.90,1
254693,1066.28,1
254713,1835.53,1
254744,83.17,1
254839,2.05,1
254860,289.70,1
254874,0.20,1
254886,9.60,1
254913,31.37,1
254929,833.83,1
254931,239.85,1
254976,4.13,1
254983,129.63,1
255016,357.77,1
255017,12.83,1
255038,1.08,1
255044,69.82,1
255062,44.53,1
255187,53.33,1
255206,19.67,1
255267,119.37,1
255277,42.18,1
255306,168.42,1
255343,65.17,1
255372,118.57,1
255486,282.52,1
255563,389.60,1
255827,1054.35,1
255912,42.88,1
255924,15.95,1
256448,2073.87,1
256826,38.08,1
256954,284.45,1
256970,0.70,1
257130,137.18,1
257151,916.03,1
257236,5.10,1
257330,8.23,1
257532,67.18,1
258044,1095.57,1
258137,104.68,1
258223,6.90,1
258620,14.27,1
258703,47.95,1
258743,3.80,1
258818,227.43,1
258913,480.28,1
258916,94.20,1
259106,334.55,1
259258,88.72,1
259429,507.32,1
259533,220.88,1
259834,0.05,1
259870,1400.47,1
259952,289.25,1
259959,334.90,1
260042,1700.32,1
260329,82.05,1
260465,1228.20,1
260486,0.68,1
260578,31.98,1
260616,1253.08,1
260684,183.98,1
260910,529.83,1
260916,35.52,1
260968,82.88,1
261059,215.90,1
261212,1409.43,1
261323,108.28,1
261393,412.78,1
261522,201.45,1
261589,9.40,1
261590,864.22,1
261610,85.12,1
261633,71.97,1
261647,914.22,1
261674,17.43,1
261680,164.30,1
261682,1501.77,1
261714,111.17,1
261735,585.50,1
261756,1424.67,1
261809,91.33,1
261813,427.45,1
261819,37.43,1
261905,2220.75,1
261990,10.53,1
262044,0.58,1
262412,687.73,1
262596,11.27,1
262714,358.67,1
262784,4.48,1
262988,736.50,1
263008,348.38,1
263076,1315.42,1
263309,526.25,1
263321,441.40,1
263388,14.95,1
263650,158.67,1
263690,1030.07,1
263693,306.37,1
263859,262.17,1
263913,88.57,1
263920,3.08,1
263933,4.53,1
264141,56.58,1
264253,337.07,1
264291,7.48,1
264368,2.17,1
264400,294.22,1
264472,195.53,1
264687,82.53,1
264732,10.85,1
264843,125.22,1
264954,681.85,1
265176,57.82,1
265196,166.43,1
265218,75.75,1
265415,413.00,1
265714,5.27,1
265928,1656.52,1
265966,853.88,1
265970,163.22,1
266112,5311.62,1
266316,1.15,1
266325,28.47,1
266340,82.70,1
266366,29.10,1
266614,819.33,1
266758,1064.42,1
266766,1233.13,1
267011,135.85,1
267026,429.58,1
267064,1787.35,1
267090,29.12,1
267106,67.92,1
267114,450.72,1
267286,753.38,1
267662,0.28,1
267778,6.02,1
267813,585.48,1
267898,1379.63,1
267916,2326.67,1
268053,262.60,1
268129,593.00,1
268226,43.38,1
268242,690.37,1
268287,132.45,1
268331,2237.55,1
268348,94.77,1
268373,84.98,1
268374,81.88,1
268408,240.90,1
268465,236.37,1
268473,362.83,1
268511,91.00,1
268516,1269.25,1
268647,2.17,1
268732,19.52,1
268736,13.90,1
268857,57.03,1
268877,22.37,1
268978,3002.23,1
268989,1480.08,1
269000,634.92,1
269030,36.43,1
269036,113.42,1
269038,58.98,1
269040,2444.35,1
269050,329.45,1
269066,1832.58,1
269492,588.65,1
269540,374.35,1
269570,569.80,1
269741,1937.60,1
269754,111.10,1
269796,54.55,1
269874,242.53,1
269898,471.55,1
269978,339.32,1
270000,151.62,1
270014,342.95,1
270188,198.43,1
270263,706.75,1
270324,59.17,1
270393,700.20,1
270474,180.92,1
270509,64.02,1
270596,98.60,1
270633,692.10,1
270671,419.37,1
270725,312.15,1
270744,963.80,1
270898,31.87,1
270928,67.38,1
270931,915.03,1
271015,2044.02,1
271054,22.62,1
271083,187.82,1
271125,10.43,1
271169,301.02,1
271220,191.73,1
271243,471.03,1
271300,829.83,1
271326,798.47,1
271488,47.55,1
271519,1571.22,1
271617,12.32,1
271664,536.60,1
271755,35.40,1
272059,15.68,1
272063,93.55,1
272425,303.18,1
272452,361.93,1
272463,364.70,1
272504,335.05,1
272570,325.38,1
272659,56.30,1
272838,201.48,1
272842,6163.18,1
272865,846.07,1
272926,17.73,1
272965,2342.55,1
272983,107.32,1
273117,18.72,1
273126,712.68,1
273214,77.15,1
273464,444.23,1
273599,103.48,1
273684,45.43,1
273936,27.80,1
273992,356.48,1
274130,1077.68,1
274166,1.35,1
274269,212.87,1
274276,164.20,1
274460,680.65,1
274781,49.93,1
274861,1171.38,1
274882,9.17,1
274901,193.88,1
274904,430.45,1
274940,179.47,1
274996,760.40,1
275039,47.13,1
275050,543.22,1
275056,192.57,1
275081,49.63,1
275092,30.27,1
275129,1416.27,1
275148,218.37,1
275154,136.52,1
275173,231.97,1
275362,154.95,1
275373,57.22,1
275389,52.38,1
275412,101.83,1
275422,51.43,1
275463,86.73,1
275513,136.48,1
275532,66.68,1
275554,20.93,1
275567,1312.83,1
275570,103.35,1
275598,10.38,1
275624,163.62,1
275629,23.75,1
276383,155.83,1
276490,1165.85,1
276562,169.55,1
276781,8.40,1
276857,41.85,1
276938,357.97,1
277182,58.18,1
277384,371.18,1
277410,146.98,1
277590,458.07,1
277591,2.08,1
277791,488.25,1
277866,828.52,1
277953,157.00,1
277964,308.62,1
278280,220.65,1
278459,6.65,1
278758,225.93,1
278881,490.33,1
279394,6.22,1
279722,30.92,1
279751,50.40,1
279766,132.80,1
235,312.22,1
1517,70.35,1
5603,4.30,1
6448,181.20,1
6479,365.20,1
6805,45.27,1
11345,40.97,1
14383,52.18,1
15478,62.07,1
16668,535.67,1
16833,405.27,1
17987,4.67,1
21229,138.12,1
30206,483.10,1
30273,133.65,1
35284,237.83,1
37017,2.60,1
47183,895.48,1
51872,83.55,1
57431,841.33,1
92449,13.38,1
93270,106.40,1
97931,1772.92,1
138559,22.28,1
142856,211.10,1
143785,43.40,1
144682,226.15,1
145313,66.72,1
145561,176.33,1
146255,76.58,1
147200,42.07,1
147672,1214.30,1
147878,2938.07,1
147906,15.45,1
148257,14.48,1
148372,69.65,1
148670,15.70,1
148817,4.17,1
148825,1100.72,1
148996,21.67,1
149195,1474.87,1
149323,172.72,1
149361,2.00,1
149554,1.18,1
149591,7.62,1
149790,102.10,1
149812,0.23,1
150090,589.05,1
151313,70.47,1
151663,31.57,1
151759,7.82,1
151861,4.50,1
152223,118.23,1
152825,0.32,1
152970,229.12,1
153351,170.30,1
153741,211.22,1
154143,17.47,1
154291,359.98,1
154556,31.78,1
155280,80.75,1
155444,407.00,1
155805,149.38,1
156132,20.87,1
156159,28.92,1
156296,154.00,1
156388,32.50,1
156429,76.18,1
156608,17.70,1
156645,21.43,1
156661,36.82,1
156693,335.37,1
156770,218.88,1
156774,0.30,1
156996,20.62,1
157198,2201.85,1
157285,165.25,1
157360,283.82,1
157476,147.85,1
157992,916.27,1
158034,363.25,1
158104,0.22,1
158205,33.58,1
158659,84.87,1
159175,248.93,1
159590,46.45,1
159621,167.67,1
159904,11.68,1
160032,266.97,1
160462,75.15,1
160528,714.02,1
160595,675.05,1
160610,316.27,1
161271,278.27,1
161288,366.38,1
161338,210.12,1
161474,40.27,1
161480,3.68,1
161515,34.45,1
161650,12.23,1
161716,1043.97,1
161785,50.88,1
161887,187.98,1
161900,422.98,1
163248,38.97,1
164222,369.95,1
164442,565.97,1
164455,5.32,1
164496,0.05,1
164701,32.90,1
164997,5.15,1
165285,1583.35,1
165374,246.98,1
166121,0.08,1
166217,13.72,1
166380,709.93,1
166461,18.47,1
166509,50.80,1
166734,370.38,1
166842,86.80,1
167295,422.48,1
167551,40.10,1
170942,23.07,1
170997,212.57,1
171302,13.55,1
171349,299.35,1
171402,0.42,1
171407,37.20,1
171439,29.77,1
171476,18.22,1
171519,435.82,1
171536,7.13,1
171585,49.57,1
171586,88.68,1
171613,85.53,1
171827,284.02,1
172092,0.80,1
172126,0.43,1
172127,734.57,1
172256,15.98,1
172357,347.53,1
172424,276.88,1
172692,22.83,1
172782,206.23,1
173060,10.58,1
174840,124.72,1
175629,52.02,1
175978,125.68,1
176209,11.03,1
176531,656.23,1
177554,41.18,1
177665,15.17,1
178487,12.35,1
179463,3.93,1
180153,842.77,1
180719,154.18,1
181219,1311.10,1
181529,4.13,1
182149,67.83,1
182414,38.02,1
182533,709.25,1
182728,4929.33,1
182808,365.07,1
182880,492.43,1
183370,4.50,1
183419,452.98,1
183930,18.67,1
185009,3.07,1
185019,2.58,1
185208,1019.33,1
185764,330.78,1
185848,994.32,1
186375,2.45,1
187880,155.50,1
188691,137.70,1
188716,319.77,1
190825,631.10,1
191038,210.08,1
193565,46.97,1
194507,1316.05,1
196656,4.05,1
197196,162.90,1
198868,3.13,1
201470,12.37,1
206242,247.78,1
207203,0.28,1
208108,140.83,1
208967,378.28,1
209958,156.72,1
213312,229.00,1
214569,97.82,1
216760,1.07,1
217155,1157.15,1
219446,25.62,1
225216,387.95,1
225305,11.97,1
225936,0.07,1
226465,0.20,1
226734,31.85,1
227536,40.48,1
227760,207.00,1
228646,22.22,1
229699,388.65,1
230326,528.62,1
232006,2.45,1
233322,37.13,1
233911,17.20,1
235155,35.73,1
235980,119.80,1
236417,154.90,1
236583,50.35,1
239289,12.53,1
239765,53.15,1
240294,120.63,1
241036,145.78,1
241407,2.37,1
242205,551.92,1
242308,38.60,1
242876,7.25,1
243273,51.67,1
243827,14.02,1
244031,369.02,1
244058,49.45,1
244342,200.90,1
245707,0.85,1
246014,23.08,1
246267,3711.67,1
246945,0.05,1
247676,99.00,1
248154,42.38,1
248675,9.47,1
248806,4.75,1
249243,3.03,1
249247,80.75,1
249494,61.73,1
249600,7.05,1
250255,24.30,1
250386,75.83,1
252008,927.18,1
252200,39.55,1
252678,1582.23,1
253248,8.57,1
253264,898.42,1
253522,30.13,1
253589,95.87,1
253766,4.22,1
253829,2229.75,1
253909,29.47,1
254129,442.78,1
254170,249.20,1
254459,44.97,1
254469,92.42,1
254501,344.55,1
254529,7.70,1
254569,39.67,1
254596,92.95,1
254651,0.10,1
254672,1.67,1
254681,18.47,1
254697,1192.98,1
254725,294.03,1
254761,36.67,1
254799,80.43,1
254813,601.65,1
254832,0.05,1
254854,48.23,1
254868,97.12,1
254869,139.92,1
254872,48.88,1
254941,136.48,1
254971,17.62,1
254974,516.82,1
254978,207.18,1
255000,111.60,1
255047,12.07,1
255076,0.43,1
255091,48.08,1
255128,488.95,1
255148,40.98,1
255186,404.53,1
255204,4.68,1
255241,267.70,1
255257,244.05,1
255272,36.22,1
255282,657.80,1
255333,2.83,1
255335,111.58,1
255353,96.75,1
255366,263.45,1
255405,3.33,1
255449,138.53,1
255488,193.33,1
255589,4.72,1
255765,164.80,1
256265,185.15,1
256313,225.55,1
256484,34.38,1
256670,1528.85,1
257095,880.05,1
257112,265.60,1
257234,422.57,1
257509,54.32,1
258154,1010.08,1
258163,54.68,1
258311,132.03,1
258320,81.08,1
258325,15.32,1
258337,675.45,1
258561,195.37,1
258581,231.65,1
258800,66.87,1
258922,2.87,1
258984,129.10,1
259019,0.17,1
259026,292.13,1
259262,209.67,1
259408,1.88,1
259506,9.68,1
259549,0.17,1
259767,1997.07,1
259884,1119.37,1
260126,14.42,1
260132,124.38,1
260649,323.22,1
260754,1256.03,1
260787,69.63,1
260815,374.60,1
260833,118.33,1
260954,96.85,1
260977,56.68,1
260980,817.02,1
261158,254.48,1
261239,489.98,1
261337,571.67,1
261367,122.05,1
261408,54.47,1
261452,32.70,1
261466,1621.37,1
261490,96.57,1
261495,30.30,1
261567,16.23,1
261607,21.07,1
261753,26.30,1
261771,882.23,1
261778,1346.47,1
261883,426.72,1
262068,139.20,1
262203,10.03,1
262224,150.25,1
262377,230.62,1
262414,1487.72,1
262487,88.92,1
262569,395.40,1
262585,1220.98,1
262641,542.63,1
262819,492.62,1
262821,451.80,1
262908,0.43,1
262992,595.28,1
263065,30.40,1
263118,107.17,1
263392,155.73,1
263480,228.20,1
263496,342.12,1
263531,304.62,1
263639,130.17,1
263648,17.53,1
263672,16.70,1
263677,19.08,1
263683,167.38,1
263791,40.18,1
264131,323.67,1
264146,1809.10,1
264254,76.92,1
264404,518.60,1
264425,835.77,1
264476,1397.18,1
264514,763.43,1
264679,28.38,1
264696,219.08,1
264916,779.43,1
265003,1115.90,1
265092,1480.15,1
265106,10.10,1
265250,1213.63,1
265462,16.50,1
265489,12.00,1
265572,80.78,1
265578,71.10,1
265628,655.95,1
265848,207.65,1
265878,636.08,1
265906,14.53,1
266012,1258.25,1
266057,109.33,1
266249,12.73,1
266308,1.38,1
266395,337.95,1
266402,1.08,1
266512,1936.30,1
266811,154.07,1
267109,57.50,1
267235,32.17,1
267443,321.83,1
267487,184.67,1
267498,193.88,1
267558,592.15,1
267613,5.82,1
267643,726.20,1
267824,21.23,1
267878,35.38,1
267885,443.63,1
268045,857.28,1
268389,130.30,1
268393,3.07,1
268409,341.18,1
268410,459.48,1
268420,92.62,1
268529,490.18,1
268641,557.12,1
268742,30.73,1
268764,1941.10,1
268768,458.22,1
268800,753.90,1
268827,224.02,1
268863,517.40,1
268892,24.60,1
268908,8.53,1
268915,159.92,1
268962,569.23,1
268990,1551.58,1
269020,125.78,1
269064,1397.22,1
269120,2.27,1
269174,5.02,1
269204,2947.78,1
269220,237.98,1
269314,1675.65,1
269501,246.72,1
269535,21.95,1
269662,151.93,1
269670,218.13,1
269872,701.03,1
269959,258.23,1
269976,432.42,1
270009,171.58,1
270042,1368.35,1
270062,214.05,1
270075,2588.00,1
270197,97.82,1
270247,512.52,1
270602,19.50,1
270606,908.83,1
270619,344.35,1
270670,88.98,1
270784,103.92,1
270848,105.45,1
270988,432.57,1
271006,132.08,1
271140,702.82,1
271228,75.48,1
271296,58.40,1
271338,492.02,1
271348,890.82,1
271388,69.72,1
271557,189.70,1
271837,236.60,1
271851,673.18,1
271903,599.05,1
272127,4.48,1
272128,2.27,1
272199,728.87,1
272213,79.65,1
272282,74.62,1
272544,9.07,1
272616,337.87,1
272792,106.93,1
272961,128.25,1
272979,460.83,1
273034,452.25,1
273060,974.52,1
273131,37.72,1
273164,27.98,1
273329,570.37,1
273371,168.53,1
273628,115.23,1
273654,333.50,1
273695,177.58,1
273839,77.83,1
273846,404.07,1
274050,3073.05,1
274057,156.48,1
274070,1262.57,1
274157,476.45,1
274162,847.95,1
274377,214.20,1
274402,105.03,1
274433,335.43,1
274521,89.78,1
274630,178.63,1
274631,74.43,1
274663,0.05,1
274766,42.37,1
274798,629.15,1
274814,823.72,1
274838,82.53,1
274880,58.73,1
274906,1482.15,1
274929,815.87,1
274994,435.90,1
274999,183.07,1
275020,1193.27,1
275033,1520.23,1
275098,165.30,1
275113,67.23,1
275215,70.25,1
275273,234.17,1
275413,269.15,1
275444,30.92,1
275468,255.57,1
275490,300.00,1
275533,18.85,1
275534,88.52,1
275565,13.65,1
275572,108.92,1
275590,637.63,1
275592,51.18,1
275757,27.00,1
276439,1518.10,1
276598,160.98,1
276783,698.83,1
276852,62.23,1
276887,449.72,1
276990,243.40,1
276998,115.10,1
277012,87.53,1
277063,205.43,1
277271,58.65,1
277419,6.33,1
277508,991.05,1
277715,43.68,1
277821,490.60,1
277864,288.53,1
277945,311.77,1
278080,163.95,1
278143,9.35,1
278215,2.03,1
278283,1054.88,1
278326,271.53,1
278531,22.90,1
278582,396.08,1
278701,1.32,1
278716,244.52,1
278723,33.62,1
278788,382.05,1
278851,6.70,1
278875,155.05,1
278882,174.78,1
278890,73.63,1
278905,159.20,1
278958,222.95,1
278995,67.40,1
279264,202.50,1
279519,184.20,1
279625,50.78,1
279748,30.73,1
